delay,condition,textbox.text,,,,,,,
0.1,exp,200,,,,,,,
0.1,exp,1000,,,exp 100,,exp 400,,exp 700
0.1,exp,200,,,494.2708333,,513.8,,499.0625
0.1,exp,400,,,,,,,
0.1,exp,400,,,unexp 100,,unexp 400,,unexp 700
0.1,exp,1000,,,637.5,,549.65625,,645.1612903
0.1,exp,700,,,,,,,
0.1,exp,500,,,Difference in interval ,,,,
0.1,exp,100,,,100,,400,,700
0.1,exp,1000,,,-143.2291667,,-35.85625,,-146.0987903
0.1,exp,200,,,,,,,
0.1,exp,1000,,,,,,,
0.1,exp,200,,,,,,,
0.1,exp,1000,,,,,,,
0.1,exp,100,,,,,,,
0.1,exp,300,,,,,,,
0.1,exp,100,,,,,,,
0.1,exp,200,,,,,,,
0.1,exp,500,,,,,,,
0.1,exp,200,,,,,,,
0.1,exp,200,,,,,,,
0.1,exp,1000,,,,,,,
0.1,exp,700,,,,,,,
0.1,exp,700,,,,,,,
0.1,exp,1000,,,,,,,
0.1,exp,200,,,,,,,
0.1,exp,500,,,,,,,
0.1,exp,500,,,,,,,
0.1,exp,700,,,,,,,
0.1,exp,200,,,,,,,
0.1,exp,100,,,,,,,
0.1,exp,300,,,,,,,
0.1,exp,1000,,,,,,,
0.1,exp,200,,,,,,,
0.1,exp,500,,,,,,,
0.1,exp,100,,,,,,,
0.1,exp,700,,,,,,,
0.1,exp,500,,,,,,,
0.1,exp,200,,,,,,,
0.1,exp,700,,,,,,,
0.1,exp,500,,,,,,,
0.1,exp,400,,,,,,,
0.1,exp,"100
",,,,,,,
0.1,exp,400,,,,,,,
0.1,exp,200,,,,,,,
0.1,exp,200,,,,,,,
0.1,exp,1000,,,,,,,
0.1,exp,200,,,,,,,
0.1,exp,150,,,,,,,
0.1,exp,700,,,,,,,
0.1,exp,300,,,,,,,
0.1,exp,200,,,,,,,
0.1,exp,700,,,,,,,
0.1,exp,500,,,,,,,
0.1,exp,400,,,,,,,
0.1,exp,200,,,,,,,
0.1,exp,200,,,,,,,
0.1,exp,700,,,,,,,
0.1,exp,1000,,,,,,,
0.1,exp,700,,,,,,,
0.1,exp,600,,,,,,,
0.1,exp,100,,,,,,,
0.1,exp,1000,,,,,,,
0.1,exp,400,,,,,,,
0.1,exp,1000,,,,,,,
0.1,exp,400,,,,,,,
0.1,exp,1000,,,,,,,
0.1,exp,100,,,,,,,
0.1,exp,100,,,,,,,
0.1,exp,1000,,,,,,,
0.1,exp,1000,,,,,,,
0.1,exp,"100
",,,,,,,
0.1,exp,100,,,,,,,
0.1,exp,100,,,,,,,
0.1,exp,200,,,,,,,
0.1,exp,1000,,,,,,,
0.1,exp,600,,,,,,,
0.1,exp,300,,,,,,,
0.1,exp,500,,,,,,,
0.1,exp,"110
",,,,,,,
0.1,exp,,,,,,,,
0.1,exp,500,,,,,,,
0.1,exp,700,,,,,,,
0.1,exp,1000,,,,,,,
0.1,exp,400,,,,,,,
0.1,exp,1000,,,,,,,
0.1,exp,500,,,,,,,
0.1,exp,200,,,,,,,
0.1,exp,200,,,,,,,
0.1,exp,300,,,,,,,
0.1,exp,200,,,,,,,
0.1,exp,200,,,,,,,
0.1,exp,1000,,,,,,,
0.1,exp,1000,,,,,,,
0.1,exp,"1000
",,,,,,,
0.1,exp,700,,,,,,,
0.1,exp,200,,,,,,,
0.1,exp,400,,,,,,,
0.1,exp,600,,,,,,,
0.1,exp,500,,,,,,,
0.1,exp,400,,,,,,,
0.4,exp,1000,,,,,,,
0.4,exp,200,,,,,,,
0.4,exp,200,,,,,,,
0.4,exp,1000,,,,,,,
0.4,exp,700,,,,,,,
0.4,exp,500,,,,,,,
0.4,exp,700,,,,,,,
0.4,exp,100,,,,,,,
0.4,exp,100,,,,,,,
0.4,exp,300,,,,,,,
0.4,exp,400,,,,,,,
0.4,exp,200,,,,,,,
0.4,exp,1000,,,,,,,
0.4,exp,100,,,,,,,
0.4,exp,100,,,,,,,
0.4,exp,1000,,,,,,,
0.4,exp,500,,,,,,,
0.4,exp,500,,,,,,,
0.4,exp,1000,,,,,,,
0.4,exp,200,,,,,,,
0.4,exp,700,,,,,,,
0.4,exp,1000,,,,,,,
0.4,exp,300,,,,,,,
0.4,exp,1000,,,,,,,
0.4,exp,700,,,,,,,
0.4,exp,1000,,,,,,,
0.4,exp,"200
",,,,,,,
0.4,exp,200,,,,,,,
0.4,exp,1000,,,,,,,
0.4,exp,500,,,,,,,
0.4,exp,400,,,,,,,
0.4,exp,700,,,,,,,
0.4,exp,600,,,,,,,
0.4,exp,500,,,,,,,
0.4,exp,300,,,,,,,
0.4,exp,700,,,,,,,
0.4,exp,1000,,,,,,,
0.4,exp,1000,,,,,,,
0.4,exp,200,,,,,,,
0.4,exp,200,,,,,,,
0.4,exp,500,,,,,,,
0.4,exp,590,,,,,,,
0.4,exp,200,,,,,,,
0.4,exp,100,,,,,,,
0.4,exp,700,,,,,,,
0.4,exp,700,,,,,,,
0.4,exp,"500
",,,,,,,
0.4,exp,200,,,,,,,
0.4,exp,500,,,,,,,
0.4,exp,200,,,,,,,
0.4,exp,700,,,,,,,
0.4,exp,300,,,,,,,
0.4,exp,700,,,,,,,
0.4,exp,300,,,,,,,
0.4,exp,100,,,,,,,
0.4,exp,700,,,,,,,
0.4,exp,600,,,,,,,
0.4,exp,1000,,,,,,,
0.4,exp,700,,,,,,,
0.4,exp,1000,,,,,,,
0.4,exp,200,,,,,,,
0.4,exp,400,,,,,,,
0.4,exp,1000,,,,,,,
0.4,exp,100,,,,,,,
0.4,exp,200,,,,,,,
0.4,exp,500,,,,,,,
0.4,exp,200,,,,,,,
0.4,exp,100,,,,,,,
0.4,exp,700,,,,,,,
0.4,exp,1000,,,,,,,
0.4,exp,100,,,,,,,
0.4,exp,1000,,,,,,,
0.4,exp,700,,,,,,,
0.4,exp,100,,,,,,,
0.4,exp,100,,,,,,,
0.4,exp,100,,,,,,,
0.4,exp,700,,,,,,,
0.4,exp,100,,,,,,,
0.4,exp,1000,,,,,,,
0.4,exp,500,,,,,,,
0.4,exp,100,,,,,,,
0.4,exp,500,,,,,,,
0.4,exp,300,,,,,,,
0.4,exp,100,,,,,,,
0.4,exp,700,,,,,,,
0.4,exp,1000,,,,,,,
0.4,exp,200,,,,,,,
0.4,exp,700,,,,,,,
0.4,exp,500,,,,,,,
0.4,exp,190,,,,,,,
0.4,exp,500,,,,,,,
0.4,exp,1000,,,,,,,
0.4,exp,200,,,,,,,
0.4,exp,700,,,,,,,
0.4,exp,600,,,,,,,
0.4,exp,500,,,,,,,
0.4,exp,700,,,,,,,
0.4,exp,200,,,,,,,
0.4,exp,1000,,,,,,,
0.4,exp,400,,,,,,,
0.4,exp,300,,,,,,,
0.4,exp,600,,,,,,,
0.7,exp,200,,,,,,,
0.7,exp,500,,,,,,,
0.7,exp,100,,,,,,,
0.7,exp,700,,,,,,,
0.7,exp,"200
",,,,,,,
0.7,exp,100,,,,,,,
0.7,exp,100,,,,,,,
0.7,exp,200,,,,,,,
0.7,exp,1000,,,,,,,
0.7,exp,670,,,,,,,
0.7,exp,1000,,,,,,,
0.7,exp,100,,,,,,,
0.7,exp,500,,,,,,,
0.7,exp,70,,,,,,,
0.7,exp,100,,,,,,,
0.7,exp,500,,,,,,,
0.7,exp,1000,,,,,,,
0.7,exp,700,,,,,,,
0.7,exp,1000,,,,,,,
0.7,exp,100,,,,,,,
0.7,exp,200,,,,,,,
0.7,exp,1000,,,,,,,
0.7,exp,100,,,,,,,
0.7,exp,700,,,,,,,
0.7,exp,100,,,,,,,
0.7,exp,1000,,,,,,,
0.7,exp,700,,,,,,,
0.7,exp,600,,,,,,,
0.7,exp,1000,,,,,,,
0.7,exp,100,,,,,,,
0.7,exp,100,,,,,,,
0.7,exp,290,,,,,,,
0.7,exp,100,,,,,,,
0.7,exp,100,,,,,,,
0.7,exp,"100
",,,,,,,
0.7,exp,700,,,,,,,
0.7,exp,200,,,,,,,
0.7,exp,500,,,,,,,
0.7,exp,1000,,,,,,,
0.7,exp,1000,,,,,,,
0.7,exp,100,,,,,,,
0.7,exp,600,,,,,,,
0.7,exp,700,,,,,,,
0.7,exp,390,,,,,,,
0.7,exp,700,,,,,,,
0.7,exp,"1000
",,,,,,,
0.7,exp,100,,,,,,,
0.7,exp,200,,,,,,,
0.7,exp,1000,,,,,,,
0.7,exp,700,,,,,,,
0.7,exp,300,,,,,,,
0.7,exp,100,,,,,,,
0.7,exp,"700
",,,,,,,
0.7,exp,1000,,,,,,,
0.7,exp,700,,,,,,,
0.7,exp,300,,,,,,,
0.7,exp,100,,,,,,,
0.7,exp,400,,,,,,,
0.7,exp,700,,,,,,,
0.7,exp,700,,,,,,,
0.7,exp,500,,,,,,,
0.7,exp,100,,,,,,,
0.7,exp,700,,,,,,,
0.7,exp,500,,,,,,,
0.7,exp,1000,,,,,,,
0.7,exp,200,,,,,,,
0.7,exp,1000,,,,,,,
0.7,exp,490,,,,,,,
0.7,exp,200,,,,,,,
0.7,exp,"800
",,,,,,,
0.7,exp,500,,,,,,,
0.7,exp,100,,,,,,,
0.7,exp,400,,,,,,,
0.7,exp,400,,,,,,,
0.7,exp,300,,,,,,,
0.7,exp,500,,,,,,,
0.7,exp,500,,,,,,,
0.7,exp,500,,,,,,,
0.7,exp,1000,,,,,,,
0.7,exp,1000,,,,,,,
0.7,exp,300,,,,,,,
0.7,exp,700,,,,,,,
0.7,exp,1000,,,,,,,
0.7,exp,200,,,,,,,
0.7,exp,600,,,,,,,
0.7,exp,200,,,,,,,
0.7,exp,1000,,,,,,,
0.7,exp,700,,,,,,,
0.7,exp,600,,,,,,,
0.7,exp,300,,,,,,,
0.7,exp,500,,,,,,,
0.7,exp,300,,,,,,,
0.7,exp,200,,,,,,,
0.7,exp,100,,,,,,,
0.7,exp,700,,,,,,,
0.7,exp,600,,,,,,,
0.7,exp,700,,,,,,,
0.7,exp,300,,,,,,,
0.7,exp,1000,,,,,,,
0.7,exp,"1000
",,,,,,,
0.7,exp,1000,,,,,,,
0.7,exp,"1000
 ",,,,,,,
0.7,exp,100,,,,,,,
0.1,unexp,200,,,,,,,
0.1,unexp,1000,,,,,,,
0.1,unexp,1000,,,,,,,
0.1,unexp,400,,,,,,,
0.1,unexp,500,,,,,,,
0.1,unexp,1000,,,,,,,
0.1,unexp,700,,,,,,,
0.1,unexp,1000,,,,,,,
0.1,unexp,"300
",,,,,,,
0.1,unexp,700,,,,,,,
0.1,unexp,700,,,,,,,
0.1,unexp,200,,,,,,,
0.1,unexp,1000,,,,,,,
0.1,unexp,"400
",,,,,,,
0.1,unexp,700,,,,,,,
0.1,unexp,100,,,,,,,
0.1,unexp,1000,,,,,,,
0.1,unexp,1000,,,,,,,
0.1,unexp,200,,,,,,,
0.1,unexp,300,,,,,,,
0.1,unexp,500,,,,,,,
0.1,unexp,700,,,,,,,
0.1,unexp,100,,,,,,,
0.1,unexp,"200
",,,,,,,
0.1,unexp,500,,,,,,,
0.1,unexp,700,,,,,,,
0.1,unexp,500,,,,,,,
0.1,unexp,400,,,,,,,
0.1,unexp,600,,,,,,,
0.1,unexp,1000,,,,,,,
0.1,unexp,1000,,,,,,,
0.1,unexp,700,,,,,,,
0.1,unexp,400,,,,,,,
0.1,unexp,600,,,,,,,
0.1,unexp,1000,,,,,,,
0.4,unexp,400,,,,,,,
0.4,unexp,700,,,,,,,
0.4,unexp,200,,,,,,,
0.4,unexp,700,,,,,,,
0.4,unexp,100,,,,,,,
0.4,unexp,300,,,,,,,
0.4,unexp,399,,,,,,,
0.4,unexp,200,,,,,,,
0.4,unexp,700,,,,,,,
0.4,unexp,700,,,,,,,
0.4,unexp,700,,,,,,,
0.4,unexp,1000,,,,,,,
0.4,unexp,300,,,,,,,
0.4,unexp,"1000
",,,,,,,
0.4,unexp,300,,,,,,,
0.4,unexp,500,,,,,,,
0.4,unexp,590,,,,,,,
0.4,unexp,700,,,,,,,
0.4,unexp,300,,,,,,,
0.4,unexp,"200
",,,,,,,
0.4,unexp,200,,,,,,,
0.4,unexp,1000,,,,,,,
0.4,unexp,400,,,,,,,
0.4,unexp,1000,,,,,,,
0.4,unexp,500,,,,,,,
0.4,unexp,700,,,,,,,
0.4,unexp,1000,,,,,,,
0.4,unexp,200,,,,,,,
0.4,unexp,300,,,,,,,
0.4,unexp,1000,,,,,,,
0.4,unexp,300,,,,,,,
0.4,unexp,500,,,,,,,
0.4,unexp,1000,,,,,,,
0.4,unexp,700,,,,,,,
0.7,unexp,"700
",,,,,,,
0.7,unexp,1000,,,,,,,
0.7,unexp,700,,,,,,,
0.7,unexp,1000,,,,,,,
0.7,unexp,1000,,,,,,,
0.7,unexp,100,,,,,,,
0.7,unexp,1000,,,,,,,
0.7,unexp,1000,,,,,,,
0.7,unexp,400,,,,,,,
0.7,unexp,1000,,,,,,,
0.7,unexp,200,,,,,,,
0.7,unexp,200,,,,,,,
0.7,unexp,1000,,,,,,,
0.7,unexp,700,,,,,,,
0.7,unexp,600,,,,,,,
0.7,unexp,600,,,,,,,
0.7,unexp,300,,,,,,,
0.7,unexp,200,,,,,,,
0.7,unexp,1000,,,,,,,
0.7,unexp,100,,,,,,,
0.7,unexp,500,,,,,,,
0.7,unexp,"800
",,,,,,,
0.7,unexp,600,,,,,,,
0.7,unexp,700,,,,,,,
0.7,unexp,1000,,,,,,,
0.7,unexp,700,,,,,,,
0.7,unexp,400,,,,,,,
0.7,unexp,100,,,,,,,
0.7,unexp,200,,,,,,,
0.7,unexp,1000,,,,,,,
0.7,unexp,1000,,,,,,,
0.7,unexp,700,,,,,,,
0.7,unexp,1000,,,,,,,
